<application>
  <component name="ExportableFileTemplateSettings">
    <includes_templates>
      <template name="ScreenComposeCode.kt" reformat="true" live-template-enabled="true" />
    </includes_templates>
    <default_templates>
      <template name="CustomView.kt" file-name="${NAME}/#parse(&quot;NameToCamelCase.kt&quot;)" reformat="true" live-template-enabled="true">
        <template name="CustomView.kt.child.0.kt" file-name="#parse(&quot;ViewModelPath.kt&quot;)" reformat="true" live-template-enabled="false" />
        <template name="CustomView.kt.child.1.kt" file-name="#parse(&quot;ViewManagerImplPath.kt&quot;)" reformat="true" live-template-enabled="false" />
        <template name="CustomView.kt.child.2.kt" file-name="#parse(&quot;ContractImplPath.kt&quot;)" reformat="true" live-template-enabled="false" />
        <template name="CustomView.kt.child.3.kt" file-name="#parse(&quot;ViewManagerModulePath.kt&quot;)" reformat="true" live-template-enabled="false" />
        <template name="CustomView.kt.child.4.kt" file-name="#parse(&quot;ContractPath.kt&quot;)" reformat="true" live-template-enabled="false" />
        <template name="CustomView.kt.child.5.kt" file-name="#parse(&quot;ViewManagerPath.kt&quot;)" reformat="true" live-template-enabled="false" />
        <template name="CustomView.kt.child.6.xml" file-name="#parse(&quot;ViewPath.kt&quot;)" reformat="true" live-template-enabled="false" />
      </template>
      <template name="CustomView.kt.child.0.kt" file-name="#parse(&quot;ViewModelPath.kt&quot;)" reformat="true" live-template-enabled="false" />
      <template name="CustomView.kt.child.1.kt" file-name="#parse(&quot;ViewManagerImplPath.kt&quot;)" reformat="true" live-template-enabled="false" />
      <template name="CustomView.kt.child.2.kt" file-name="#parse(&quot;ContractImplPath.kt&quot;)" reformat="true" live-template-enabled="false" />
      <template name="CustomView.kt.child.3.kt" file-name="#parse(&quot;ViewManagerModulePath.kt&quot;)" reformat="true" live-template-enabled="false" />
      <template name="CustomView.kt.child.4.kt" file-name="#parse(&quot;ContractPath.kt&quot;)" reformat="true" live-template-enabled="false" />
      <template name="CustomView.kt.child.5.kt" file-name="#parse(&quot;ViewManagerPath.kt&quot;)" reformat="true" live-template-enabled="false" />
      <template name="CustomView.kt.child.6.xml" file-name="#parse(&quot;ViewPath.kt&quot;)" reformat="true" live-template-enabled="false" />
    </default_templates>
  </component>
</application>